-- persons with one digit ids
INSERT INTO PERSON (ID, NAME) VALUES (1, 'Almos');
INSERT INTO PERSON (ID, NAME) VALUES (2, 'Előd');
INSERT INTO PERSON (ID, NAME) VALUES (3, 'Ond');
INSERT INTO PERSON (ID, NAME) VALUES (4, 'Kond');
INSERT INTO PERSON (ID, NAME) VALUES (5, 'Tas');
INSERT INTO PERSON (ID, NAME) VALUES (6, 'Huba');
INSERT INTO PERSON (ID, NAME) VALUES (7, 'Töhötöm');

-- addresses with 2 digit ids
INSERT INTO ADDRESS (ID, ZIP, CITY, PERSON_ID, CREATED) VALUES (10, '6060', 'Tiszakécske', 1, '{"name": "Kedves"}' format json);
INSERT INTO ADDRESS (ID, ZIP, CITY, PERSON_ID) VALUES (11, '6035', 'Ballószög', 1);
INSERT INTO ADDRESS (ID, ZIP, CITY, PERSON_ID) VALUES (20, '6000', 'Kecskemét', 2);
INSERT INTO ADDRESS (ID, ZIP, CITY, PERSON_ID) VALUES (21, '5000', 'Szolnok', 2);
INSERT INTO ADDRESS (ID, ZIP, CITY, PERSON_ID) VALUES (22, '1011', 'Budapest I', 2);
INSERT INTO ADDRESS (ID, ZIP, CITY, PERSON_ID) VALUES (30, '3000', 'Hatvan', 3);
INSERT INTO ADDRESS (ID, ZIP, CITY, PERSON_ID) VALUES (40, '7000', 'Sárbogárd', 4);
INSERT INTO ADDRESS (ID, ZIP, CITY, PERSON_ID) VALUES (41, '1041', 'Budapest IV', 4);
INSERT INTO ADDRESS (ID, ZIP, CITY, PERSON_ID) VALUES (50, '1065', 'Budapest VI', 5);
INSERT INTO ADDRESS (ID, ZIP, CITY, PERSON_ID) VALUES (51, '2335', 'Taksony', 5);
INSERT INTO ADDRESS (ID, ZIP, CITY, PERSON_ID) VALUES (52, '3800', 'Szikszó', 5);
INSERT INTO ADDRESS (ID, ZIP, CITY, PERSON_ID) VALUES (60, '6000', 'Szikszó', null);

-- tickets with 3 digit ids
INSERT INTO TICKET (ID, TITLE, PRIMARY_PERSON_ID, SECONDARY_PERSON_ID, PARENT_ID) 
		  VALUES (100, 'Case 100', 1, 2, null);
INSERT INTO TICKET (ID, TITLE, PRIMARY_PERSON_ID, SECONDARY_PERSON_ID, PARENT_ID) 
		  VALUES (110, 'Case 110', 1, 2, 100);
INSERT INTO TICKET (ID, TITLE, PRIMARY_PERSON_ID, SECONDARY_PERSON_ID, PARENT_ID) 
		  VALUES (111, 'Case 111', 1, 2, 110);
INSERT INTO TICKET (ID, TITLE, PRIMARY_PERSON_ID, SECONDARY_PERSON_ID, PARENT_ID) 
		  VALUES (112, 'Case 112', 1, 2, 110);
INSERT INTO TICKET (ID, TITLE, PRIMARY_PERSON_ID, SECONDARY_PERSON_ID, PARENT_ID) 
		  VALUES (200, 'Case 200', 1, null, null);
INSERT INTO TICKET (ID, TITLE, PRIMARY_PERSON_ID, SECONDARY_PERSON_ID, PARENT_ID) 
		  VALUES (300, 'Case 300', 1, null, null);
		  
-- the ticket 400 series contains a single primary person to each person, no secondary person.
INSERT INTO TICKET (ID, TITLE, PRIMARY_PERSON_ID, SECONDARY_PERSON_ID, PARENT_ID) 
		  VALUES (401, 'Case 401', 1, null, null);
INSERT INTO TICKET (ID, TITLE, PRIMARY_PERSON_ID, SECONDARY_PERSON_ID, PARENT_ID) 
		  VALUES (402, 'Case 402', 2, null, null);
INSERT INTO TICKET (ID, TITLE, PRIMARY_PERSON_ID, SECONDARY_PERSON_ID, PARENT_ID) 
		  VALUES (403, 'Case 403', 3, null, null);
INSERT INTO TICKET (ID, TITLE, PRIMARY_PERSON_ID, SECONDARY_PERSON_ID, PARENT_ID) 
		  VALUES (404, 'Case 404', 4, null, null);
INSERT INTO TICKET (ID, TITLE, PRIMARY_PERSON_ID, SECONDARY_PERSON_ID, PARENT_ID) 
		  VALUES (405, 'Case 405', 5, null, null);
INSERT INTO TICKET (ID, TITLE, PRIMARY_PERSON_ID, SECONDARY_PERSON_ID, PARENT_ID) 
		  VALUES (406, 'Case 406', 6, null, null);
INSERT INTO TICKET (ID, TITLE, PRIMARY_PERSON_ID, SECONDARY_PERSON_ID, PARENT_ID) 
		  VALUES (407, 'Case 407', 7, null, null);
		 
		  